H,dt,error_mean,error_std,slope,slope_lower,slope_upper,R2,n_samples
0.05,0.0625,0.7645547593156367,0.09360893311529365,0.4221768674180163,0.24066090386461925,0.6036928309714137,0.9419569047542198,3
0.05,0.03125,0.6470866578260778,0.20072867645722722,0.4221768674180163,0.24066090386461925,0.6036928309714137,0.9419569047542198,3
0.05,0.015625,0.42582660791000737,0.1013527211494437,0.4221768674180163,0.24066090386461925,0.6036928309714137,0.9419569047542198,3
0.1,0.0625,0.8216762260282673,0.0859605807204916,0.2019136415584849,0.1716033017360906,0.23222398138087919,0.9925444617324184,3
0.1,0.03125,0.6995106603174054,0.1970739861181631,0.2019136415584849,0.1716033017360906,0.23222398138087919,0.9925444617324184,3
0.1,0.015625,0.6210643434001997,0.14623002976415375,0.2019136415584849,0.1716033017360906,0.23222398138087919,0.9925444617324184,3
0.2,0.0625,0.8888222724252203,0.14008259725291133,-0.002579387916469878,-0.24419287548322582,0.23903409965028583,0.0003417934721008272,3
0.2,0.03125,0.753110139549198,0.1855160258165644,-0.002579387916469878,-0.24419287548322582,0.23903409965028583,0.0003417934721008272,3
0.2,0.015625,0.892006204184369,0.19538853025416938,-0.002579387916469878,-0.24419287548322582,0.23903409965028583,0.0003417934721008272,3
