Strategy,MeanPnL,MeanPnL_CI_Lower,MeanPnL_CI_Upper,StdPnL,CVaR_5pct,CVaR_CI_Lower,CVaR_CI_Upper,VaR_5pct,Turnover,Paths
BlackScholesDelta,-0.3552832305431366,-0.39805727154016496,-0.31728094965219505,0.17948247492313385,-0.846024215221405,-0.9382495447993279,-0.6652049496769905,-0.6862157374620438,4.581331414615446,100
HestonDelta,-0.3552832305431366,-0.39805727154016496,-0.31728094965219505,0.17948247492313385,-0.846024215221405,-0.9382495447993279,-0.6652049496769905,-0.6862157374620438,4.581331414615446,100
NaiveHedge,0.000319246290018782,-0.010075529152527452,0.009604643215425299,0.06125375255942345,-0.16312047839164734,-0.18105726763606073,-0.12300873119384052,-0.12805260121822357,0.5,100
NeuralHedge,-0.004669901914894581,-0.025761264050379394,0.016277320473454877,0.12743499875068665,-0.37437957525253296,-0.4135997399687767,-0.293146800249815,-0.3105039939284325,0.07253398977220059,100
