{
  "kappa": 126.07349935516304,
  "theta": 0.14947395063988672,
  "sigma": 6.139169979659112,
  "rho": -0.7,
  "v0": 0.0387380315399427,
  "calibration_loss": 0.016703994795361915,
  "success": true
}